Ids,Activity,Smiles
pk1,1,CN1CCN(CC1)c1cc(CN2CCC[C@H]2c2ncccc2C)nc(C)n1
pk2,1,CN1CCCN(CC1)c1cc(CN2CCC[C@H]2c2ncccc2C)nc(C)n1
pk3,1,CN(Cc1cc(ncn1)N1CCN(C)CC1)[C@H]1CCCc2cccnc12
pk4,1,C(N1CCNCCc2cccc(CCNCC1)n2)c1ccc(CN2CCNCCc3cccc(CCNCC2)n3)cc1
pk5,1,CC(C)(C)OC(=O)Cn1c2ccccc2c2ccnc(CN(CCCCN)[C@H]3CCCc4cccnc34)c12
pk6,1,C(CN(Cc1nccc2c3ccccc3n(CCC3CCOCC3)c12)[C@H]1CCCc2cccnc12)CN1CCNCC1
pk7,1,CCC1=CC=C(NCC2=CC=CC(CNC3=CC=C(CC)C=C3)=N2)C=C1
pk8,1,O=C(NCC1=CC=C(CNS(=O)(C2=C(F)C=C(F)C=C2)=O)C=C1)C3=NC=CN=C3
pk9,1,CN1CCN(CC1)c1nc(C)nc(CN2CCC[C@H]2c2ncccc2C)c1F
pk10,1,NCc1ncoc1CN(Cc1nc2ccccc2[nH]1)C1CCCc2cccnc12
pk11,1,C(N(Cc1ccccn1)Cc1ccccn1)c1ccc2c(CN3CCCNCCNCCCNCC3)cccc2c1
pk12,1,CN1CCN(CC1)c1nc(C)nc(CN2CCC[C@H]2c2ncccc2C)c1C#N
pk13,1,NCCCCN(C[C@H]1CN(CCN1)S(=O)(=O)c1ccccc1)[C@H]1CCCc2cccnc12
pk14,1,NCCCCN(C[C@H]1CN(CCN1)S(=O)(=O)c1ccc(Cl)cc1)[C@H]1CCCc2cccnc12
pk15,1,Cc1nc(CN2CCC[C@H]2c2ncccc2C)cc(NCCN2CCOCC2)n1
pk16,1,CN(C[C@H]1Cc2c(CN1)cccc2N1CCN2CCC[C@H]2C1)[C@H]1CCCc2cccnc12
pk17,1,O=C(N)NCCCCN([C@H]1CCCc2c1nccc2)C[C@H]3Cc4c(CN3)cccc4
pk18,1,C(N(Cc1ccccn1)Cc1ccccn1)c1ccnc(c1)-c1cccc(CN2CCCNCCNCCCNCC2)c1
pk19,1,CN(C[C@H]1Cc2c(CN1)cccc2N1CCN2CCC[C@@H]2C1)[C@H]1CCCc2cccnc12
pk20,1,FC1(F)CCC(CC1)NCCCCN(C[C@H]1Cc2ccccc2CN1)[C@H]1CCCc2cccnc12
pk21,1,NCCCCN(Cc1nccc2c3ccccc3n(CCN3CCOCC3)c12)[C@H]1CCCc2cccnc12
pk22,1,NCCCCN(Cc1nccc2c3ccccc3n(CC3CC3)c12)[C@H]1CCCc2cccnc12
pk23,1,NCCCCN(Cc1nccc2c3ccccc3n(CCCN3CCNC(=O)C3)c12)[C@H]1CCCc2cccnc12
pk24,1,CN(C[C@H]1Cc2c(CN1)cccc2N1CCN(Cc2ccccn2)CC1)[C@H]1CCCc2cccnc12
pk25,1,C(N(Cc1ccccn1)Cc1ccccn1)c1ccc(cc1)-c1ncccc1CN1CCCNCCNCCCNCC1
pk26,1,NCCCn1c2ccccc2c2ccnc(CN(CCCN3CCNCC3)[C@H]3CCCc4cccnc34)c12
pk27,1,CO\N=C\c1ccc(CN(Cc2nc3ccccc3[nH]2)C2CCCc3cccnc23)c(CN)c1
pk28,1,COc1ccc(CN(Cc2nc3ccccc3[nH]2)C2CCCc3cccnc23)c(CN)c1
pk29,1,NCCCCN(Cc1nc2ccccc2[nH]1)[C@H]1CCCc2cccnc12
pk30,1,NCCCCN(Cc1nccc2c3ccccc3n(CC#C)c12)C1CCCc2cccnc12
pk31,1,NCCCCN(Cc1nccc2c3ccccc3n(CC(=O)N3CCOCC3)c12)C1CCCc2cccnc12
pk32,1,NCCCCN(Cc1nccc2c3ccccc3n(CCN3CCNCC3)c12)C1CCCc2cccnc12
pk33,1,C(N(Cc1ccccn1)Cc1ccccn1)c1ccc(cc1)-c1ccccc1CN1CCCNCCNCCCNCC1
pk34,1,NCCCCN(Cc1nccc2c3ccccc3n(CC(N)=O)c12)C1CCCc2cccnc12
pk35,1,NCCCCN(C[C@H]1Cc2ccccc2CN1)[C@H]1CCOc2cccnc12
pk36,1,NCCCCN(C[C@@H]1CN(CCN1)C(=O)c1ccccc1)[C@H]1CCCc2cccnc12
pk37,1,CN(C[C@H]1Cc2c(CN1)cccc2N1CCNCC1)[C@H]1CCCc2cccnc12
pk38,1,NCC1CC1CN(C[C@H]1Cc2ccccc2CN1)[C@H]1CCCc2cccnc12
pk39,1,NCCCCN(Cc1nccc2c3ccccc3n(CCCN)c12)[C@H]1CCCc2cccnc12
pk40,1,CC(C)NCCCCN(C[C@H]1Cc2ccccc2CN1)[C@H]1CCCc2cccnc12
pk41,1,NCCCCN(Cc1nccc2c3ccccc3n(CCCN)c12)C1CCCc2cccnc12
pk42,1,NCCCCN(Cc1nccc2c3ccccc3n(CCN3CCOCC3)c12)C1CCCc2cccnc12
pk43,1,C(N(Cc1ccccn1)Cc1ccccc1-c1cccc(CN2CCCNCCNCCCNCC2)c1)c1ccccn1
pk44,1,CC(N(CCCCN)Cc1ncccc1C)c1cc(C)ccn1
pk45,1,CN(C)CCCCN(C[C@H]1Cc2ccccc2CN1)[C@H]1CCCc2cccnc12
pk46,1,NCCCCN(Cc1nccc2c3ccccc3n(CC(=O)[I]=O)c12)C1CCCc2cccnc12
pk47,1,NCCCCN(Cc1nccc2c3ccccc3n(CCCN3CCNCC3)c12)C1CCCc2cccnc12
pk48,1,C\C(CN)=C\CN(C[C@H]1Cc2ccccc2CN1)[C@H]1CCCc2cccnc12
pk49,1,NC(=O)Cn1c2ccccc2c2ccnc(CN(CCCN3CCNCC3)[C@H]3CCCc4cccnc34)c12
pk50,1,NCCCCN(Cc1nccc2c3ccccc3n(CC#C)c12)[C@H]1CCCc2cccnc12
pk51,1,C(CN(Cc1nccc2c3ccccc3n(CCN3CCOCC3)c12)C1CCCc2cccnc12)CN1CCNCC1
pk52,1,CN(C[C@H]1Cc2c(CN1)cccc2N1C[C@@H]2CN(C)C[C@@H]2C1)[C@H]1CCCc2cccnc12
pk53,1,C[C@H]1CN(C[C@@H](C)O1)C(=O)Cn1c2ccccc2c2ccnc(CN(CCCCN)C3CCCc4cccnc34)c12
pk54,1,Cn1c2ccccc2c2ccnc(CN(CCCCN)C3CCCc4cccnc34)c12
pk55,1,NC/C=C\CN(C[C@H]1Cc2ccccc2CN1)[C@H]3CCCc4cccnc43
pk56,1,ClC1=CC=CC(CN(C)CC2=CN=CC(N(C)CC3=CC=CC(Cl)=C3)=C2)=C1
pk57,1,CN(CC1=CC(OC)=CC=C1)CC2=CN=CC(N(C)CC3=CC=C(C=C3)OC)=C2
pk58,1,CN(CC1=CC=CC(N(CC2=CC=CC=N2)C)=N1)CC3=NC=CC=C3
pk59,1,N1(CC2=NC(CN3CCOCC3)=CC=C2)CCOCC1
pk60,1,O=C(C1=C(N=NS1)C)NCC2=CC=C(CNS(=O)(C3=CC=C(F)C(F)=C3)=O)C=C2
pk61,1,C(N(Cc1ccccn1)Cc1ccccn1)c1ccc2cc(CN3CCCNCCNCCCNCC3)ccc2c1
pk62,1,NCc1ccc(CN(Cc2nc3ccccc3[nH]2)C2CCCc3cccnc23)c(CN)c1
pk63,1,CN(C[C@H]1Cc2c(CN1)cccc2N1C[C@@H]2CNC[C@@H]2C1)[C@H]1CCCc2cccnc12
pk64,1,CN(C)[C@@H]1CCN(C1)c1cccc2CN[C@@H](CN(C)[C@H]3CCCc4cccnc34)Cc12
pk65,1,CN(C)[C@H]1CCN(C1)c1cccc2CN[C@@H](CN(C)[C@H]3CCCc4cccnc34)Cc12
pk66,1,NCCCCN(Cc1ncccc1N)[C@H]1CCCc2cccnc12
pk67,1,NCCCCN(Cc1nccc2c3ccccc3n(CCO)c12)[C@H]1CCCc2cccnc12
pk68,1,CN1CCN(CC1)C(=O)Cn1c2ccccc2c2ccnc(CN(CCCCN)C3CCCc4cccnc34)c12
pk69,1,Cc1ccsc1CN1CCC2(CCN(Cc3ccc(cc3)C(=O)N(Cc3ncc[nH]3)Cc3ncc[nH]3)C2)CC1
pk70,1,NCc1cc(CO)ccc1CN(Cc1nc2ccccc2[nH]1)C1CCCc2cccnc12
pk71,1,Cc1cnc2[C@H](CCCc2c1)N(CCCCN)C[C@H]1Cc2ccccc2CN1
pk72,1,CN(C[C@H]1Cc2c(CN1)cccc2N1C[C@@H]2CCN(C)[C@@H]2C1)[C@H]1CCCc2cccnc12
pk73,1,NCCCCN(Cc1nccc2c3ccccc3n(CC(=O)N3CCC(O)CC3)c12)C1CCCc2cccnc12
pk74,1,NCc1ccoc1CN(Cc1nc2ccccc2[nH]1)C1CCCc2cccnc12
pk75,1,NCCCCN(Cc1nccc2c3ccccc3n(CCC3CCOCC3)c12)[C@H]1CCCc2cccnc12
pk76,1,CN(C)C1CCN(CC1)c1cc(CN2CCC[C@H]2c2ncccc2C)nc(C)n1
pk77,1,CN(C[C@H]1Cc2c(CN1)cccc2N(C)C1CCN(C)CC1)[C@H]1CCCc2cccnc12
pk78,1,C(CN(Cc1nccc2c3ccccc3n(CC3CC3)c12)[C@H]1CCCc2cccnc12)CN1CCNCC1
pk79,1,CCN([C@H]1CCCc2c1nccc2)C[C@H]3Cc4c(N5CCNCC5)cccc4CN3
pk80,1,NCCCCN(Cc1nccc2c3ccccc3n(CCCN3CCNCC3)c12)[C@H]1CCCc2cccnc12
pk81,1,O=C(Cn1c2ccccc2c2ccnc(CN(CCCN3CCNCC3)C3CCCc4cccnc34)c12)N1CCOCC1
pk82,1,CCOC(=O)Cn1c2ccccc2c2ccnc(CN(CCCCN)[C@H]3CCCc4cccnc34)c12
pk83,1,CC(C)CN1CCC2(C1)CCN(Cc1ccc(cc1)C(=O)N(Cc1ncc[nH]1)Cc1ncc[nH]1)CC2
pk84,1,NCc1cc(ccc1CN(Cc1nc2ccccc2[nH]1)C1CCCc2cccnc12)C(N)=O
pk85,1,C1(CNCCCCN([C@H]2CCCc3c2nccc3)C[C@H]4Cc5c(CN4)cccc5)=CC=CN=C1
pk86,1,N([C@H]1CCCc2cccnc21)(CCC3CCCNC3)C[C@H]4Cc5ccccc5CN4
pk87,1,CN([C@@H]1C2=C(C=C(C)C=N2)CCC1)C[C@H]3Cc4c(N5CCNCC5)cccc4CN3
pk88,1,C[C@H](N(CCCCN)Cc1nc2ccccc2[nH]1)c1ccccn1
pk89,1,NCCCCN(Cc1nccc2c3ccccc3n(CC(N)=O)c12)[C@H]1CCCc2cccnc12
pk90,1,O=S(CCC1CNCCCCN([C@H]2CCCc3c2nccc3)C[C@H]4Cc5c(CN4)cccc5)(CC1)=O
pk91,1,N(C[C@H]1Cc2c(CN1)cccc2)([C@H]3CCCc4c3nccc4)CCCN5CCNCC5
pk92,1,C12=NC=CC=C1CCC[C@@H]2N(CCCN3CCNCC3)CC4=NC=C(C=CC=C5)C5=C4
pk93,1,C(CN(Cc1nccc2c3ccccc3[nH]c12)C1CCCc2cccnc12)CN1CCNCC1
pk94,1,CN1CCN(CC1)c1cc(CN(CCCCN)C2CCCc3cccnc23)ncn1
pk95,1,CN1CCN(CC1)c1cc(CN(CCCCNC(=O)OC(C)(C)C)C2CCCc3cccnc23)ncn1
pk96,1,Cc1cccnc1CN(CCCCN)C1CCCc2cccnc12
pk97,1,CC(N(CCCCN)Cc1ncccc1C(C)(C)C)c1ccccn1
pk98,1,NCCCCN(C[C@H]1CN(CCN1)C(=O)OCc1ccccc1)[C@H]1CCCc2cccnc12
pk99,1,CN(C[C@H]1Cc2c(CN1)cccc2NC1CCNCC1)[C@H]1CCCc2cccnc12
pk100,1,CN(C[C@H]1Cc2c(CN1)cccc2N1C[C@H]2CCN(C)[C@H]2C1)[C@H]1CCCc2cccnc12
pk101,1,Cc1cnc(CN(CCCCN)C2CCCc3cccnc23)c(C)c1
pk102,1,NCc1ncccc1CN(Cc1nc2ccccc2[nH]1)[C@H]1CCCc2cccnc12
pk103,1,C1(CCCCC1)NCCCNCC2=CC=C(C=C2)CNCCCNC3CCCCC3
pk104,1,COCCn1c2ccccc2c2ccnc(CN(CCCCN)[C@H]3CCCc4cccnc34)c12
pk105,1,NCCCCN(Cc1nccc2c3ccccc3n(CCCN3CCNCC3=O)c12)[C@H]1CCCc2cccnc12
pk106,1,CC(N(CCCCN)Cc1ncc(C)cc1C)c1ccccn1
pk107,1,C1(CNCCCCN(C[C@H]2Cc3ccccc3CN2)[C@H]4CCCc5cccnc54)=CC=CC=C1
pk108,1,NCCCCN(Cc1nccc2c3ccccc3n(CC(=O)NC3CCOCC3)c12)[C@H]1CCCc2cccnc12
pk109,1,NCc1occc1CN(Cc1nc2ccccc2[nH]1)C1CCCc2cccnc12
pk110,1,COCc1ccc(CN(Cc2nc3ccccc3[nH]2)C2CCCc3cccnc23)c(CN)c1
pk111,1,Cc1cccnc1CN(CCCCN)C[C@H]1Cc2ccccc2CN1
pk112,1,CN(Cc1c(C)cc(C)cn1)C[C@H]2Cc3c(N4CCNCC4)cccc3CN2
pk113,1,NCCCCN(Cc1nccc2c3ccccc3n(CC(O)=O)c12)[C@H]1CCCc2cccnc12
pk114,1,Cn1c2ccccc2c2ccnc(CN(CCCCN)[C@H]3CCCc4cccnc34)c12
pk115,1,CC(N(CCCCN)Cc1ncccc1C)c1ccccn1
pk116,1,NCCCCN(C[C@@H]1CN(CCN1)S(=O)(=O)c1ccccc1)[C@H]1CCCc2cccnc12
pk117,1,Cc1cc(NC2CCNCC2)nc(NCc2cn(CCCNCCCNC3CCCCC3)nn2)n1
pk118,1,C(CN(Cc1nccc2c3ccccc3n(CCN3CCOCC3)c12)[C@H]1CCCc2cccnc12)CN1CCNCC1
pk119,1,C[C@H](N(CCCCN)C[C@H]1Cc2ccccc2CN1)c1ncccc1C
pk120,1,N(C[C@H]1Cc2c(CN1)cccc2)([C@H]3CCCc4c3nccc4)C/C=C/CNCC5CCOCC5
pk121,1,CC(CN)CCCN([C@H]1CCCc2c1nccc2)C[C@H]3Cc4c(CN3)cccc4
pk122,1,NCc1cocc1N(Cc1nc2ccccc2[nH]1)[C@H]1CCCc2cccnc12
pk123,1,Cc1cc(NC2CCN(CCC(N)=O)CC2)nc(NCc2cn(CCCNCCCNC3CCCCC3)nn2)n1
pk124,1,OC(=O)Cn1c2ccccc2c2ccnc(CN(CCCN3CCNCC3)C3CCCc4cccnc34)c12
pk125,1,O=C(Cn1c2ccccc2c2ccnc(CN(CCCN3CCNCC3)[C@H]3CCCc4cccnc34)c12)NC1CCOCC1
pk126,1,C1(CC1)CN([C@H]2CCCc3c2nccc3)C[C@H]4Cc5c(N6CCNCC6)cccc5CN4
pk127,1,CCCN(CCC)CCCCNCc1ccc(cc1)C(=O)N(Cc1ncc[nH]1)Cc1ncc[nH]1
pk128,1,NCCCCN(Cc1ncccc1N)C1CCCc2cccnc12
pk129,1,C\C(CN(C[C@H]1Cc2ccccc2CN1)[C@H]1CCCc2cccnc12)=C\CN
pk130,1,C\C(CN)=C(/F)CN(C[C@H]1Cc2ccccc2CN1)[C@H]1CCCc2cccnc12
pk131,1,N(C[C@H]1Cc2c(CN1)cccc2)([C@H]3CCCc4c3nccc4)CCCCNC5CCOCC5
pk132,1,CN(C[C@H]1Cc2c(CN1)cccc2NN3CCN(C)CC3)[C@H]4CCCc5cccnc54
pk133,1,CN1CCN(CC1)C(=O)Cn1c2ccccc2c2ccnc(CN(CCCCN)[C@H]3CCCc4cccnc34)c12
pk134,1,NCCCn1c2ccccc2c2ccnc(CN(CCCN3CCNC(=O)C3)[C@H]3CCCc4cccnc34)c12
pk135,1,NCCCCN(Cc1nccc2c1[nH]c1ccccc21)[C@H]1CCCc2cccnc12
pk136,1,CN([C@H]1CCCc2c1nccc2)C[C@H]3Cc4c(NN5CCN(C6=NC=CC=N6)CC5)cccc4CN3
pk137,1,NCCCCN(Cc1nccc2c3ccccc3n(Cc3ccccn3)c12)[C@H]1CCCc2cccnc12
pk138,1,C(N(Cc1ccccn1)Cc1ccccn1)c1ccc(CN2CCCNCCNCCCNCC2)cc1
pk139,1,CCCN([C@H]1CCCc2c1nccc2)C[C@H]3Cc4c(N5CCNCC5)cccc4CN3
pk140,1,CCN1CCN(CCCN(C[C@H]2CC3=C(C=CC=C3)CN2)[C@@H]4C5=NC=CC=C5CCC4)CC1
pk141,1,CN(C[C@H]1Cc2c(CN1)cccc2N1CCC(N)CC1)[C@H]1CCCc2cccnc12
pk142,1,CN([C@H]1CCCc2c1nccc2)C[C@H]3Cc4c(NN5CC(C)(C)N(C(OC(C)(C)C)=O)CC5)cccc4CN3
pk143,1,N[C@H]1CC[C@@H](CC1)N(C[C@H]1Cc2ccccc2CN1)[C@H]1CCCc2cccnc12
pk144,1,C(CNCCCn1cc(CNc2nccc(NC3CCNCC3)n2)nn1)CNC1CCCCC1
pk145,1,Cc1nc(NCc2nnn(CCCNCCCNC3CCCCC3)c2)nc(NC4CCN(C(CCNCC(O)=O)=O)CC4)c1
pk146,1,Cc1ccc(CN(CCCCN)C2CCCc3cccnc23)nc1
pk147,1,NCCCCN(C[C@@H]1CN(CCN1)C(=O)c1ccco1)[C@H]1CCCc2cccnc12
pk148,1,C[C@H](N(CCCCN)Cc1ncccc1C)c1ccccn1
pk149,1,CN(C)C1CCN(CC1)c1cccc2CN[C@@H](CN(C)[C@H]3CCCc4cccnc34)Cc12
pk150,1,CC(CCN([C@H]1CCCc2c1nccc2)C[C@H]3Cc4c(CN3)cccc4)(CNC5CCOCC5)C
pk151,1,CN(C)C(=O)NCCCCN(Cc1nccc2c3ccccc3[nH]c12)C1CCCc2cccnc12
pk152,1,Cc1cc(C)nc(CN(CCCCN)C2CCCc3cccnc23)c1
pk153,1,COC(=O)c1ccc(CN(Cc2nc3ccccc3[nH]2)C2CCCc3cccnc23)c(CN)c1
pk154,1,NCCCCN([C@H]1CCCc2c1nccc2)C[C@H]3Cc4c(CN3C)cccc4
pk155,1,NCCCCN(C[C@H]1CN(CCN1)S(=O)(=O)c1cc2ccccc2s1)[C@H]1CCCc2cccnc12
pk156,1,NC(Nc1cccc2ccccc12)=NCCCNCCCCN(CCCN=C(N)Nc1cccc2ccccc12)C(=N)Nc1cccc2ccccc12
pk157,1,c1(CNC/C=C/CN([C@H]2CCCc3c2nccc3)C[C@H]4Cc5c(CN4)cccc5)cccnc1
pk158,1,C1(CCCCC1)NCCCNCC2=CC=C(CNCCCNC3CCCCC3)C4=C2C=CC=C4
pk159,1,CC(CCN([C@H]1CCCc2c1nccc2)C[C@H]3Cc4c(CN3)cccc4)(CNCC5CCOCC5)C
pk160,1,O=C(Cn1c2ccccc2c2ccnc(CN(CCCN3CCNCC3)[C@H]3CCCc4cccnc34)c12)N1CCOCC1
pk161,1,O=C1N(CCCn2c3ccccc3c3ccnc(CN(CCCN4CCNCC4)[C@H]4CCCc5cccnc45)c23)C(=O)c2ccccc12
pk162,1,O=C1CNCCN1CCCn1c2ccccc2c2ccnc(CN(CCCN3CCNCC3)[C@H]3CCCc4cccnc34)c12
pk163,1,O=C(Cn1c2ccccc2c2ccnc(CN(CCCN3CCNCC3)[C@H]3CCCc4cccnc34)c12)C1CCOCC1
pk164,1,C\C(CN)=C(\F)CN(C[C@H]1Cc2ccccc2CN1)[C@H]1CCCc2cccnc12
pk165,1,NCCCCN(Cc1ncccc1Cl)C1CCCc2cccnc12
pk166,1,C12=NC=CC=C1CCC[C@@H]2N(CCCN3CCNCC3)CC4=NC5=C(C=CC=C5)N4
pk167,1,O=S1(CCC(NCCCCN([C@H]2CCCc3c2nccc3)C[C@H]4Cc5c(CN4)cccc5)CC1)=O
pk168,1,CCc1cc(NC2CCNCC2)nc(NCc2cn(CCCNCCCNC3CCCCC3)nn2)n1
pk169,1,NCCCCN(Cc1nccc2c3ccccc3n(Cc3ccccc3)c12)[C@H]1CCCc2cccnc12
pk170,1,CN(C[C@@H]1Cc2c(CN1)cccc2NN1CCN(C)CC1)[C@H]1CCCc2cccnc12
pk171,1,CCCN1CCC(CC1)Nc1cc(C)nc(NCc2cn(CCCNCCCNC3CCCCC3)nn2)n1
pk172,1,CN(C)C1=C(C=CC(CNCCCNC2CCCCC2)=C1)CNCCCNC3CCCCC3
pk173,1,COCCn1c2ccccc2c2ccnc(CN(CCCN3CCNCC3)[C@H]3CCCc4cccnc34)c12
pk174,1,NCCCCN(Cc1cccc(N)n1)C1CCCc2cccnc12
pk175,1,NCc1ccccc1CN(Cc1nc2ccccc2[nH]1)C1CCCc2cccnc12
pk176,1,Cc1cc(Br)ccc1CNC(=O)c1nn(c(c1Cn1cncn1)-c1ccc(Br)cc1)-c1ccccc1Cl
pk177,1,C12=NC=CC=C1CCC[C@@H]2N(CCCN3CCN(C4CC4)CC3)C[C@H]5CC6=C(C=CC=C6)CN5
pk178,1,NCc1ccccc1CN(C[C@H]1Cc2ccccc2CN1)[C@H]1CCCc2cccnc12
pk179,1,NCc1cc(ccc1CN(Cc1nc2ccccc2[nH]1)C1CCCc2cccnc12)C(F)(F)F
pk180,1,C(CCN(C[C@H]1Cc2ccccc2CN1)[C@H]1CCCc2cccnc12)CNCC1CCOCC1
pk181,1,Cc1cccc(CN(CCCCN)C2CCCc3cccnc23)n1
pk182,1,CN(C1CCCc2c1nccc2)Cc3ncnc(N4CCN(CC4)C)c3
pk183,1,C(CCN(C[C@H]1Cc2ccccc2CN1)[C@H]1CCCc2cccnc12)CNC1CCSCC1
pk184,1,NCCCCN(Cc1nccc2c3ccccc3n(CCN3CCNCC3)c12)[C@H]1CCCc2cccnc12
pk185,1,OCCn1c2ccccc2c2ccnc(CN(CCCN3CCNCC3)[C@H]3CCCc4cccnc34)c12
pk186,1,OCCn1c2ccccc2c2ccnc(CN(CCCN3CCNCC3)C3CCCc4cccnc34)c12
pk187,1,NCCCCN(C[C@H]1Cc2ccccc2CN1Cc1ccccn1)[C@H]1CCCc2cccnc12
pk188,1,Cn1c2ccccc2c2cc(CN(CCCCN)[C@H]3CCCc4cccnc34)ncc12
pk189,1,C(NCc1ccccn1)\C=C\CN(C[C@H]1Cc2ccccc2CN1)[C@H]1CCCc2cccnc12
pk190,1,CC(C)(C)OC(=O)Cn1c2ccccc2c2ccnc(CN(CCCN3CCNCC3)[C@H]3CCCc4cccnc34)c12
pk191,1,NCc1sccc1CN(Cc1nc2ccccc2[nH]1)C1CCCc2cccnc12
pk192,1,C(NCc1cccnc1)c1ccc(CN(C[C@H]2Cc3ccccc3CN2)[C@H]2CCCc3cccnc23)cc1
pk193,1,NCCCCN(Cc1nccc2c3ccccc3n(CC(=O)N3CCS(=O)CC3)c12)[C@H]1CCCc2cccnc12
pk194,1,C[C@H]1CN(C[C@@H](C)N1)c1cccc2CN[C@@H](CN(C)[C@H]3CCCc4cccnc34)Cc12
pk195,1,CC(C)c1cc(NC2CCNCC2)nc(NCc2cn(CCCNCCCNC3CCCCC3)nn2)n1
pk196,1,NC(Nc1ccc2ccccc2c1)=NCCCCNCCCN=C(N)Nc1ccc2ccccc2c1
pk197,1,C[C@H](N(CCCCN)C[C@H]1Cc2ccccc2CN1)c1ccccn1
pk198,1,Cc1cnc(CN(CCCCN)[C@H]2CCCc3cccnc23)c(C)c1
pk199,1,CC(C)c1cccnc1CN(CCCCN)C1CCCc2cccnc12
pk200,1,C(CCN(C[C@H]1Cc2ccccc2CN1)[C@H]1CCCc2cccnc12)CNC1CCNCC1
pk201,1,N(C[C@H]1Cc2c(CN1)cccc2)([C@H]3CCCc4c3nccc4)CCCCNC5CCNCC5
pk202,1,CC1(C)CCC(CC1)NC\C=C\CN(C[C@H]1Cc2ccccc2CN1)[C@H]1CCCc2cccnc12
pk203,1,N([C@H]1CCCc2cccnc21)(CC3CCNCC3)C[C@H]4Cc5ccccc5CN4
pk204,1,CC(N(CCCCN)Cc1ccc(C)cn1)c1ccccn1
pk205,1,C(CCN1CCNCC1)CN(C[C@H]1Cc2ccccc2CN1)[C@H]1CCCc2cccnc12
pk206,1,C(N1CCCNCCNCCNCCC1)c1ccc(CN2CCCNCCNCCNCCC2)cc1
pk207,1,C1(NCCCNCC2=CC=C(C3=CC=C(CNCCCNC4CCCCC4)C=C3)C=C2)CCCCC1
pk208,1,CNC1=CC(CNCCCNC2CCCCC2)=CC(CNCCCNC3CCCCC3)=C1
pk209,1,CN(Cc1cc(ncn1)N1CCN(C)CC1)[C@@H]1CCCc2cccnc12
pk210,1,NCCCN(Cc1nc2ccccc2[nH]1)C1CCCc2cccnc12
pk211,1,O=[N+](C1=C(C=CC(CNCCCNC2CCCCC2)=C1)CNCCCNC3CCCCC3)[O-]
pk212,1,NCCCCN(Cc1cc2c(cn1)[nH]c1ccccc21)C1CCCc2cccnc12
pk213,1,CC(C)(CN)CCN(C[C@H]1Cc2ccccc2CN1)[C@H]1CCCc2cccnc12
pk214,1,Cc1cnc(CN(CCCCN)C[C@H]2Cc3ccccc3CN2)c(C)c1
pk215,1,C(CCN(C[C@H]1Cc2ccccc2CN1)[C@H]1CCCc2cccnc12)CNCC1CCSCC1
pk216,1,Cc1cc(NC2CCN(CCCCCC(O)=O)CC2)nc(NCc2cn(CCCNCCCNC3CCCCC3)nn2)n1
pk217,1,Cc1ccc(CN(CCCCN)C[C@H]2Cc3ccccc3CN2)nc1
pk218,1,Cc1cc(NC2CCN(CC2)C(=O)CC[C@H](N)C(O)=O)nc(NCc2cn(CCCNCCCNC3CCCCC3)nn2)n1
pk219,1,NCCCCN(C[C@H]1CN(CCN1)S(=O)(=O)c1ccc2ccccc2c1)[C@H]1CCCc2cccnc12
pk220,1,CC(N(CCCCN)Cc1ncccc1N)c1ccccn1
pk221,1,CCc1cc(NC2CCN(CC2)C(=O)CCNCC(O)=O)nc(NCc2cn(CCCNCCCNC3CCCCC3)nn2)n1
pk222,1,Cc1cc(NC2CCN(CCC#N)CC2)nc(NCc2cn(CCCNCCCNC3CCCCC3)nn2)n1
pk223,1,Cc1cc(NC2CCN(CC2)C(=O)CCNCCC(O)=O)nc(NCc2cn(CCCNCCCNC3CCCCC3)nn2)n1
pk224,1,NCCCCN(Cc1ccccn1)C1CCCc2cccnc12
pk225,1,NCCCCCCN(Cc1nc2ccccc2[nH]1)C1CCCc2cccnc12
pk226,1,C(CCN(C[C@H]1Cc2ccccc2CN1)[C@H]1CCCc2cccnc12)CNC1CCCCC1
pk227,1,CC1(C)CCC(CC1)NCCCCN(C[C@H]1Cc2ccccc2CN1)[C@H]1CCCc2cccnc12
pk228,1,NC\C=C/CN(Cc1nc2ccccc2[nH]1)C1CCCc2cccnc12
pk229,1,NCCCCN(Cc1nccc2c3ccccc3n(CC(=O)N3CCSCC3)c12)[C@H]1CCCc2cccnc12
pk230,1,NCCCCN(Cc1nccc2c3ccccc3n(CC(=O)N3CCOCC3)c12)[C@H]1CCCc2cccnc12
pk231,1,NCCCCN(Cc1ncccc1CO)C1CCCc2cccnc12
pk232,1,C\C(CN(C[C@H]1Cc2ccccc2CN1)[C@H]1CCCc2cccnc12)=C(/F)CN
pk233,1,NC1=CC(CNCCCNC2CCCCC2)=CC(CNCCCNC3CCCCC3)=C1
pk234,1,Cc1cc(NC2CCN(CCC(O)=O)CC2)nc(NCc2cn(CCCNCCCNC3CCCCC3)nn2)n1
pk235,1,FC1(F)CCC(CC1)NC\C=C\CN(C[C@H]1Cc2ccccc2CN1)[C@H]1CCCc2cccnc12
pk236,1,Cc1cc(NC2CCN(CC2)C(=O)CNCCC(O)=O)nc(NCc2cn(CCCNCCCNC3CCCCC3)nn2)n1
pk237,1,C(CN(Cc1nccc2c3ccccc3[nH]c12)[C@H]1CCCc2cccnc12)CN1CCNCC1
pk238,1,CN(C)CCCCN(Cc1nc2ccccc2[nH]1)C1CCCc2cccnc12
pk239,1,Cc1cc(NC2CCN(CC2)C(=O)CCCNCC(O)=O)nc(NCc2cn(CCCNCCCNC3CCCCC3)nn2)n1
pk240,1,NCc1cscc1N(Cc1nc2ccccc2[nH]1)[C@H]1CCCc2cccnc12
pk241,1,N(C[C@H]1Cc2c(CN1)cccc2)([C@H]3CCCc4c3nccc4)CCCCNCC5=NC=CC=C5
pk242,1,C(NC1CCOCC1)c1ccc(CN(C[C@H]2Cc3ccccc3CN2)[C@H]2CCCc3cccnc23)cc1
pk243,1,Cc1ccnc(CN(CCCCN)C2CCCc3cccnc23)c1
pk244,1,CN(C[C@H]1Cc2c(CN1)cccc2N1CCNCC1)Cc1ncccc1C
pk245,1,Cc1cc(NC2CCN(CC2)C(=O)CCNCP(O)(O)=O)nc(NCc2cn(CCCNCCCNC3CCCCC3)nn2)n1
pk246,1,C(NCc1cccnc1)\C=C\CN(C[C@H]1Cc2ccccc2CN1)[C@H]1CCCc2cccnc12
pk247,1,NC(Nc1ccc2ccccc2c1)=NCCCNCCCCN(CCCN=C(N)Nc1ccc2ccccc2c1)C(N)=Nc1ccc2ccccc2c1
pk248,1,Cc1cc(NC2CCN(CCCCC(O)=O)CC2)nc(NCc2cn(CCCNCCCNC3CCCCC3)nn2)n1
pk249,1,Cc1cccc(CN(CCCCN)[C@H]2CCCc3cccnc23)n1
pk250,1,CN(C1CCN(CC1)C(=O)CCNCC(O)=O)c1cc(C)nc(NCc2cn(CCCNCCCNC3CCCCC3)nn2)n1
pk251,1,FC1(F)CCC(CC1)NC\C=C/CN(C[C@H]1Cc2ccccc2CN1)[C@H]1CCCc2cccnc12
pk252,1,NCCCCN(Cc1cc2c(cn1)[nH]c1ccccc21)[C@H]1CCCc2cccnc12
pk253,1,NCCCCN(Cc1nccc2c3ccccc3n(CC(=O)NC3CCNCC3)c12)[C@H]1CCCc2cccnc12
pk254,1,NC(Nc1ccc2ccccc2c1)=NCCCNCCCCNCCCN=C(N)Nc1ccc2ccccc2c1
pk255,1,NC(Nc1cccc2ccccc12)=NCCCCN(CCCN=C(N)Nc1cccc2ccccc12)C(N)=Nc1cccc2ccccc12
pk256,1,CC(N(CCCCN)Cc1ncccc1C(F)(F)F)c1ccccn1
pk257,1,OC(=O)Cn1c2ccccc2c2ccnc(CN(CCCN3CCNCC3)[C@H]3CCCc4cccnc34)c12
pk258,1,NCc1ccc(CN(C[C@H]2Cc3ccccc3CN2)[C@H]2CCCc3cccnc23)cc1
pk259,1,NCc1ccc(CN(Cc2nc3ccccc3[nH]2)C2CCCc3cccnc23)cc1
pk260,1,CN(C)C1=CC(CNCCCNC2CCCCC2)=CC(CNCCCNC3CCCCC3)=C1
pk261,1,NCCCCN(Cc1nccc2c3ccccc3n(Cc3ccncc3)c12)[C@H]1CCCc2cccnc12
pk262,1,C(NCc1ccccn1)c1ccc(CN(Cc2nc3ccccc3[nH]2)[C@H]2CCCc3cccnc23)cc1
pk263,1,C1(CNCCCNC2CCCCC2)=CC=CC(CNCCCNC3CCCCC3)=N1
pk264,1,C[C@H]1CN(C[C@@H](C)O1)C(=O)Cn1c2ccccc2c2ccnc(CN(CCCCN)[C@H]3CCCc4cccnc34)c12
pk265,1,O=C(Cn1c2ccccc2c2ccnc(CN(CCCC3CCNCC3)[C@H]3CCCc4cccnc34)c12)N1CCOCC1
pk266,1,CN1CCN(CCCN(C[C@H]2CC3=C(C=CC=C3)CN2)[C@@H]4C5=NC=CC=C5CCC4)CC1
pk267,1,NCCCCN(Cc1nccc2c3ccccc3n(CC(=O)NC3CCNCC3)c12)C1CCCc2cccnc12
pk268,1,NCc1cc(ccc1CN(Cc1nc2ccccc2[nH]1)C1CCCc2cccnc12)C(O)=O
pk269,1,Cc1cc(F)cnc1CN(CCCCN)C[C@H]1Cc2ccccc2CN1
pk270,1,NC\C=C\CN(C[C@H]1Cc2ccccc2CN1)[C@H]1CCCc2cccnc12
pk271,1,NCCCCN(Cc1ncccc1O)C1CCCc2cccnc12
pk272,1,NC/C=C/CN([C@H]1CCCc2c1nccc2)C[C@H]3Cc4c(CN3)cccc4
pk273,1,NCCCCN(CC1CN(CCN1)c1ccccc1)[C@H]1CCCc2cccnc12
pk274,1,C(NCc1ccc(CN(C[C@H]2Cc3ccccc3CN2)[C@H]2CCCc3cccnc23)cc1)c1ccncc1
pk275,1,O=C1N(CCCn2c3ccccc3c3ccnc(CN(CCCN4CCNC(=O)C4)[C@H]4CCCc5cccnc45)c23)C(=O)c2ccccc12
pk276,1,CC(C)N1Cc2ccccc2C[C@@H]1CN(CCCCN)[C@H]1CCCc2cccnc12
pk277,1,CN(Cc1nccc2c3ccccc3n(CCN)c12)[C@H]1CCCc2cccnc12
pk278,1,NCCCCN(Cc1nccc2c1[nH]c1ccccc21)C1CCCc2cccnc12
pk279,1,FC1(F)CCC(CC1)NCc1ccc(CN(C[C@H]2Cc3ccccc3CN2)[C@H]2CCCc3cccnc23)cc1
pk280,1,CN(C[C@H]1Cc2c(CN1)cccc2N1C[C@@H]2C[C@H]1CN2)[C@H]1CCCc2cccnc12
pk281,1,CCc1cc(NC2CCN(CC2)C(=O)CCNCCP(O)(O)=O)nc(NCc2cn(CCCNCCCNC3CCCCC3)nn2)n1
pk282,1,O=[N+](C1=CC(CNCCCNC2CCCCC2)=CC(CNCCCNC3CCCCC3)=C1)[O-]
pk283,1,CN(C)C1CCN(C1)N(Cc1ccncn1)C1CCCc2cccnc12
pk284,1,C(N1CCC(C1)Nc1nccc(n1)N1CCCCCC1)c1ccccc1
pk285,1,C(CN(C[C@H]1Cc2ccccc2CN1)[C@H]1CCCc2cccnc12)C1CCNCC1
pk286,1,C(CN(Cc1nccc2c3ccccc3n(Cc3ccccc3)c12)[C@H]1CCCc2cccnc12)CN1CCNCC1
pk287,1,COCCN(C[C@H]1Cc2c(CN1)cccc2N1CCNCC1)[C@H]1CCCc2cccnc12
pk288,1,C1(NCCCNCC2=CC(CNCCCNC3CCCCC3)=CC=C2)CCCCC1
pk289,1,Cc1cccc(CNCC2CCN(Cc3ccccc3Cl)CC2)c1
pk290,1,C(CCN(C[C@H]1Cc2ccccc2CN1)[C@H]1CCCc2cccnc12)CNCC1CCCCC1
pk291,1,Cc1cc(NC2CCN(CC2)C(=O)CCCC(O)=O)nc(NCc2cn(CCCNCCCNC3CCCCC3)nn2)n1
pk292,1,NCc1ccncc1CN(Cc1nc2ccccc2[nH]1)C1CCCc2cccnc12
pk293,1,NC\C=C\CN(Cc1nc2ccccc2[nH]1)C1CCCc2cccnc12
pk294,1,NCCCCN(C[C@H]1Cc2ccccc2CN1)Cc1ncccc1C1CC1
pk295,1,CCNCCCCN(Cc1nccc2c3ccccc3[nH]c12)C1CCCc2cccnc12
pk296,1,CC(C)(CCN(C[C@H]1Cc2ccccc2CN1)[C@H]1CCCc2cccnc12)CNC1CCC(F)(F)CC1
pk297,1,FC1(F)CCC(CNCCCCN(C[C@H]2Cc3ccccc3CN2)[C@H]2CCCc3cccnc23)CC1
pk298,1,CN1CCCN(CC1)N(Cc1ccncn1)C1CCCc2cccnc12
pk299,1,CN(C[C@H]1Cc2c(CN1C)cccc2N1CCN(C)CC1)[C@H]1CCCc2cccnc12
pk300,1,C12=NC=CC=C1CCC[C@@H]2N(CCCN3CCNCC3)C[C@H]4CC5=C(C=CC=N5)CN4
pk301,1,C(CN(Cc1nccc2c3ccccc3n(Cc3ccccn3)c12)[C@H]1CCCc2cccnc12)CN1CCNCC1
pk302,1,CN(Cc1nccc(n1)N1CCN(C)CC1)C1CCCc2cccnc12
pk303,1,CN(C)C(=O)NCCCCN(C[C@H]1Cc2ccccc2CN1)[C@H]1CCCc2cccnc12
pk304,1,NC(Nc1cccc2ccccc12)=NCCCNCCCCNCCCN=C(N)Nc1cccc2ccccc12
pk305,1,C(NCc1ccc(CN(C[C@H]2Cc3ccccc3CN2)[C@H]2CCCc3cccnc23)cc1)C1CCOCC1
pk306,1,CC(N(CCCCN)Cc1cccc(C)n1)c1ccccn1
pk307,1,CNCCCCN(Cc1nc2ccccc2[nH]1)C1CCCc2cccnc12
pk308,1,NC(Nc1ccc2ccccc2c1)=NCCCCN(CCCN=C(N)Nc1ccc2ccccc2c1)C(=N)Nc1ccc2ccccc2c1
pk309,1,NCCCCN([C@H]1CCCc2c1nccc2)C[C@H]3CN(Cc4ccccc4)CCN3
pk310,1,C1(CNCCCNC2CCCCC2)=CN=C(C=C1)NCCCNC3CCCCC3
pk311,1,OCCN(C[C@H]1Cc2c(CN1)cccc2N1CCNCC1)[C@H]1CCCc2cccnc12
pk312,1,Clc1ccccc1CNCC1CCN(Cc2ccccc2Cl)CC1
pk313,1,CN(Cc1cc(ccn1)N1CCN(C)CC1)C1CCCc2cccnc12
pk314,1,NCCNc1nccc(n1)N1CCCCCC1
pk315,1,FC(F)(F)c1ccc(NC(=S)NCCc2ccc3CCCNc3n2)cc1
pk316,1,CN1CCN(CCCN(Cc2nccc3c4ccccc4[nH]c23)[C@H]2CCCc3cccnc23)CC1
pk317,1,NCCCCN(Cc1nc2ccccc2[nH]1)[C@@H]1CCCc2cccnc12
pk318,1,NC(=O)NC\C=C/CN(C[C@H]1Cc2ccccc2CN1)[C@H]1CCCc2cccnc12
pk319,1,CC(C)N1CCN(CC1)N(Cc1ccncn1)C1CCCc2cccnc12
pk320,1,NCCCCN(Cc1nccc2c3ccccc3n(CC(=O)N3CCC(O)CC3)c12)[C@H]1CCCc2cccnc12
pk321,1,CN1CCN(CC1)c1cc(CN2CCC[C@H]2c2cc(C)ccn2)nc(C)n1
pk322,1,CN(Cc1nccc2c3ccccc3n(CCCN3C(=O)c4ccccc4C3=O)c12)[C@H]1CCCc2cccnc12
pk323,1,NCc1cc(F)ccc1CN(Cc1nc2ccccc2[nH]1)C1CCCc2cccnc12
pk324,1,CN1CCN(CC1)c1cc(CN2CCC[C@H]2c2ccccn2)nc(C)n1
pk325,1,NC(Nc1cccc2ccccc12)=NCCCCNCCCN=C(N)Nc1cccc2ccccc12
pk326,1,NCC1=C(CN(C[C@H]2Cc3ccccc3CN2)[C@H]2CCCc3cccnc23)CCCC1
pk327,1,NCCCCN(C[C@H]1Cc2ccccc2CN1)Cc1ccccn1
pk328,1,NCCCCN(C[C@H]1CN(Cc2ccccc2)CCN1)[C@H]1CCCc2cccnc12
pk329,1,NCCCCN([C@H]1CCCc2c1nccc2)C[C@@H]3CN(Cc4ccccc4)CCN3
pk330,1,C(NCc1ccccn1)c1ccc(CN(Cc2nc3ccccc3[nH]2)C2CCCc3cccnc23)cc1
pk331,1,Clc1ccccc1CN1CCC(CNCc2ccc3OCOc3c2)CC1
pk332,1,Cc1ccccc1CNCC1CCN(Cc2ccccc2Cl)CC1
pk333,1,Cc1cccc(CNCC2CCN(Cc3c(Cl)cccc3Cl)CC2)c1
pk334,1,NCCCCN(C[C@H]1CNCCN1)[C@H]1CCCc2cccnc12
pk335,1,NC(Nc1ccccc1)=NCCCCNCCCN=C(N)Nc1ccccc1
pk336,1,NCCCCN(C[C@H]1Cc2ccccc2CN1)Cc1ccc(F)cn1
pk337,1,NCCCCN(Cc1nccc2c3ccccc3n(CC(=O)N3CCCCC3)c12)[C@H]1CCCc2cccnc12
pk338,1,CN1CCN(CC1)c1cc(CN2CCC[C@H]2c2ccc(C)cn2)nc(C)n1
pk339,1,N[C@H]1CC[C@H](CN(C[C@H]2Cc3ccccc3CN2)[C@H]2CCCc3cccnc23)CC1
pk340,1,NC(Nc1ccccc1)=NCCCCN(CCCN=C(N)Nc1ccccc1)C(=N)Nc1ccccc1
pk341,1,C(NCc1ccccn1)c1ccc(CN(C[C@H]2Cc3ccccc3CN2)[C@H]2CCCc3cccnc23)cc1
pk342,1,OCCN1CCN(CC1)N(Cc1ccncn1)C1CCCc2cccnc12
pk343,1,NCc1cccc(CN(C[C@H]2Cc3ccccc3CN2)[C@H]2CCCc3cccnc23)c1
pk344,1,NC(Nc1ccc2ccccc2c1)=NCCCN(CCCCN(CCCN=C(N)Nc1ccc2ccccc2c1)C(N)=Nc1ccc2ccccc2c1)C(N)=Nc1ccc2ccccc2c1
pk345,1,C1(NCCCNCC2=CC(CNCCCNC3CCCCC3)=CC(CNCCCNC4CCCCC4)=C2)CCCCC1
pk346,1,CN(C[C@@H]1Cc2c(CN1)cccc2N1CCNCC1)[C@H]1CCCc2cccnc12
pk347,1,Oc1ccc(CNCC2CCN(Cc3ccccc3Cl)CC2)cc1
pk348,1,Clc1ccccc1CN1CCC(CNCc2ccccc2)CC1
pk349,1,Clc1cc(CNCC2CCN(CC2)Cc3c(Cl)cccc3)ccc1
pk350,1,CN1CCN(CC1)c1cc(CN2CCCC2c2ccccn2)nc(C)n1
pk351,1,CCN1CCN(CC1)N(Cc1ccncn1)C1CCCc2cccnc12
pk352,1,Cc1cnc(CN(CCCCN)C[C@H]2Cc3ccccc3CN2)c(F)c1
pk353,1,CN(Cc1nccc2c3ccccc3n(CCN3C(=O)c4ccccc4C3=O)c12)[C@H]1CCCc2cccnc12
pk354,1,C(CN(Cc1cc2c(cn1)[nH]c1ccccc21)[C@H]1CCCc2cccnc12)CN1CCNCC1
pk355,1,NC[C@H]1CC[C@H](CN(C[C@H]2Cc3ccccc3CN2)[C@H]2CCCc3cccnc23)CC1
pk356,1,NCCCCN([C@H]1CCCc2c1nccc2)C[C@H]3Cc4c(CN3Cc5cnccc5)cccc4
pk357,1,CC(C)N(C[C@H]1Cc2c(CN1)cccc2N1CCNCC1)[C@H]1CCCc2cccnc12
pk358,1,NC(NCCCN(CCCCN(CCCN=C(N)Nc1cccc2ccccc12)C(N)=Nc1cccc2ccccc12)C(=N)Nc1cccc2ccccc12)=Nc1cccc2ccccc12
pk359,1,CN(C[C@H]1Cc2c(CN1)cccc2N1CCN(CC1)C1COC1)[C@H]1CCCc2cccnc12
pk360,1,OC(=O)CNCCC(=O)N1CCC(CC1)Nc1ccnc(NCc2cn(CCCNCCCNC3CCCCC3)nn2)n1
pk361,1,Cn1ccc2c(NC(=O)NCCc3ccc4CCCNc4n3)cccc12
pk362,1,O=C(Cn1c2ccccc2c2ccnc(CN(CCCN3CCNCC3)[C@H]3CCCc4cccnc34)c12)N1CCCCC1
pk363,1,NCCCCN(C[C@H]1Cc2ccccc2CN1)Cc1ncccc1C(F)(F)F
pk364,1,CC(N(CCCCN)Cc1nccc2c3ccccc3n(CC(=O)N3CCOCC3)c12)c1ccccn1
pk365,1,N#CCCCCN(Cc1nc2ccccc2[nH]1)C1CCCc2cccnc12
pk366,1,C(CCN(Cc1nccc2c3ccccc3[nH]c12)[C@H]1CCCc2cccnc12)CNCC1CC1
pk367,1,C(CCN(C[C@H]1Cc2ccccc2CN1)[C@H]1CCCc2cccnc12)CN(Cc1cccnc1)Cc1cccnc1
pk368,1,COc1cc(NC2CCNCC2)nc(NCc2cn(CCCNCCCNC3CCCCC3)nn2)n1
pk369,1,NCCCCN(Cc1nccc2c3ccccc3n(Cc3cccnc3)c12)[C@H]1CCCc2cccnc12
pk370,1,NCCCCN(C[C@H]1Cc2ccccc2CN1)Cc1ncccc1C=C
pk371,1,NCCCCN(C[C@H]1Cc2ccccc2CN1Cc1cocn1)[C@H]1CCCc2cccnc12
pk372,1,NCCCCN([C@H]1CCCc2c1nccc2)C[C@H]3Cc4c(CN3CC5=COC=N5)cccc4
pk373,1,Nc1cc(nc(NCc2ccc(CNCCCNC3CCCCC3)cc2)n1)N1CCNCC1
pk374,1,Nc1cc(nc(NCc2ccc(CNCCCNC3CCCCC3)cc2)n1)N1CCN(CCCP(O)(O)=O)CC1
pk375,1,C12=NC(CCNCCN(CC3=CC=C(CNCC4=CC=CC=N4)C=C3)CCNCC2)=CC=C1
pk376,1,N1(CC2=CC=C(CNCC3=CC=CC=N3)C=C2)CCNCCCOCCCNCC1
pk377,1,CC1N(CCCNCC(C=C2)=CC=C2CC3NCCCNCCNCCCNC3)CCCC1
pk378,1,C1(CC2=CC=C(CNCCCN3CCOCC3)C=C2)NCCCNCCNCCCNC1
pk379,1,CC1CCCCN1CCCNCC2=CC(CNCCCN3C(C)CCCC3)=CC=C2
pk380,1,CN1CCN(CC1)c1cc(N)nc(NCc2ccc(CNCCCNC3CCCCC3)cc2)n1
pk381,1,FC1(F)CCC(CN(C[C@H]2Cc3c(CN2)cccc3N2CCNCC2)[C@H]2CCCc3cccnc23)CC1
pk382,0,Clc1c(CN2CCC(CC2)CNCc3cc(c4ccccc4)ccc3)cccc1
pk383,0,Clc1c(CN2CCC(CC2)CNCc(cc3)cc4c3cccc4)cccc1
pk384,0,CN(C[C@H]1Cc2c(CN1)cccc2N1CCNCC1)Cc1ccc(C)cn1
pk385,0,NC(NCCCN(CCCCN(CCCN=C(N)Nc1ccccc1)C(N)=Nc1ccccc1)C(=N)Nc1ccccc1)=Nc1ccccc1
pk386,0,NCCCCCN(Cc1nc2ccccc2[nH]1)C1CCCc2cccnc12
pk387,0,CN1CCN(CCCN(C[C@H]2CC3=C(C=CC=C3)CN2C)[C@@H]4C5=NC=CC=C5CCC4)CC1
pk388,0,CC(C)(CCN(C[C@H]1Cc2ccccc2CN1)[C@H]1CCCc2cccnc12)CNC1CCC(C)(C)CC1
pk389,0,N(C[C@H]1Cc2c(CN1)cccc2)([C@H]3CCCc4c3nccc4)CCN5CCNCC5
pk390,0,NCCCCN(Cc1nccc2c3ccc(F)cc3[nH]c12)C1CCCc2cccnc12
pk391,0,NCCCCN([C@H]1CCCc2c1nccc2)C[C@H]3Cc4c(CN3CC(N5CCOCC5)=O)cccc4
pk392,0,Cc1cccnc1CN(CCCCN)Cc1nccc2c3ccccc3n(CC(=O)N3CCOCC3)c12
pk393,0,O=C(NCCc1ccc2CCCNc2n1)Nc1cccc2ccccc12
pk394,0,FC(F)(F)c1ccc(NC(=O)NCCc2ccc3CCCNc3n2)cc1
pk395,0,CN1CCN(CC1)c1cc(CN2CCCCC2c2ccccn2)nc(C)n1
pk396,0,CN1CCN(CCCN(Cc2nccc3c4ccccc4n(CC(=O)N4CCOCC4)c23)[C@H]2CCCc3cccnc23)CC1
pk397,0,CN(C)C1CCN(CC1)N(Cc1ccncn1)C1CCCc2cccnc12
pk398,0,Clc1ccc(CNCC2CCN(Cc3ccccc3Cl)CC2)cc1
pk399,0,NCCCCN(C[C@H]1Cc2ccccc2CN1)Cc1ccc(Cl)cn1
pk400,0,C(CN1CCOCC1)NN(Cc1ccncn1)C1CCCc2cccnc12
pk401,0,NCCCCN([C@H]1CCCc2c1nccc2)C[C@H]3Cc4c(CN3Cc5ccncc5)cccc4
pk402,0,CC1(C)CCC(CC1)NCc1ccc(CN(C[C@H]2Cc3ccccc3CN2)[C@H]2CCCc3cccnc23)cc1
pk403,0,NCCCCN(Cc1nccc2c3ccccc3n(CC(=O)N3CCNCC3)c12)[C@H]1CCCc2cccnc12
pk404,0,C(CCN(C[C@H]1Cc2ccccc2CN1)[C@H]1CCCc2cccnc12)CN(Cc1ccccn1)Cc1ccccn1
pk405,0,COc1ccc(NC(=O)NCCc2ccc3CCCNc3n2)cc1OC
pk406,0,Cc1ccnc(CN(CCCCN)C[C@H]2Cc3ccccc3CN2)c1
pk407,0,CCNCCCCN(Cc1nccc2c3ccccc3[nH]c12)[C@H]1CCCc2cccnc12
pk408,0,O=C(NCCCNC1CCCCC1)C(C=C2)=CC=C2CNCCCNC3CCCCC3
pk409,0,Clc1cc(NC2CCNCC2)nc(NCc2cn(CCCNCCCNC3CCCCC3)nn2)n1
pk410,0,C(C1CCCCC1)N(C[C@H]1Cc2c(CN1)cccc2N1CCNCC1)[C@H]1CCCc2cccnc12
pk411,0,C(CCN(Cc1nccc2c3ccccc3[nH]c12)C1CCCc2cccnc12)CNCC1CC1
pk412,0,CN(C[C@H]1Cc2c(CN1)cccc2N[C@H]1CC[C@H](N)CC1)[C@H]1CCCc2cccnc12
pk413,0,COc1ccccc1CN1CCC(CNCc2cccc(C)c2)CC1
pk414,0,CCc1cccc(CNCC2CCN(Cc3ccccc3OC)CC2)c1
pk415,0,Cc1cccc(CNCC2CCN(Cc3cccc(Cl)c3Cl)CC2)c1
pk416,0,CC(C)c1ccccc1NC(=O)NCCc1ccc2CCCNc2n1
pk417,0,C(CCN(C[C@H]1Cc2ccccc2CN1)[C@H]1CCCc2cccnc12)CN(Cc1ccncc1)Cc1ccncc1
pk418,0,FC(F)(F)c1cc(NC2CCNCC2)nc(NCc2cn(CCCNCCCNC3CCCCC3)nn2)n1
pk419,0,NCCCCN(Cc1cc2c(cn1)n(CC(O)=O)c1ccccc21)[C@H]1CCCc2cccnc12
pk420,0,CC(C)(C)OC(=O)Cn1c2ccccc2c2cc(CN(CCCCN)[C@H]3CCCc4cccnc34)ncc12
pk421,0,NC\C=C/CN(Cc1nccc2c3ccccc3[nH]c12)[C@H]1CCCc2cccnc12
pk422,0,O=C(N)N1CCN(CCCN(C[C@H]2CC3=C(C=CC=C3)CN2)[C@@H]4C5=NC=CC=C5CCC4)CC1
pk423,0,NCC#CCN(Cc1nc2ccccc2[nH]1)C1CCCc2cccnc12
pk424,0,CCN(Cc1nccc2c3ccccc3n(CCCN)c12)[C@H]1CCCc2cccnc12
pk425,0,Cc1ccc(CNCC2CCN(Cc3ccccc3Cl)CC2)cc1
pk426,0,Clc1ccccc1CN1CCC(CNCc2c[nH]cn2)CC1
pk427,0,CN(C)CCN(C)N(Cc1ccncn1)C1CCCc2cccnc12
pk428,0,CN(Cc1nccc2c3ccccc3n(CCCN)c12)[C@H]1CCCc2cccnc12
pk429,0,C(C1CC1)N1CCN(CC1)N(Cc1ccncn1)C1CCCc2cccnc12
pk430,0,C12=NC=CC=C1CCC[C@@H]2N(CCCN3CCNCC3)C[C@H]4CC5=C(C=CC=C5)CN4
pk431,0,NCCCCN(Cc1cc2c(cn1)[nH]c1ccccc21)[C@@H]1CCCc2cccnc12
pk432,0,C(CN(Cc1nc2ccccc2s1)[C@H]1CCCc2cccnc12)CN1CCNCC1
pk433,0,C12=NC=CC=C1CCC[C@@H]2N(CCCN3CCNCC3)CC4=NC(C=CC=C5)=C5S4
pk434,0,CC(C)C[C@H](N=C(N)N)C(=O)Nc1ccc2n(CCCN=C(N)N)c(cc2c1)C(=O)NCCc1c[nH]c2ccccc12
pk435,0,NCCCCN(C[C@@H]1CNCCN1)[C@H]1CCCc2cccnc12
pk436,0,COc1ccc(CNCC2CCN(Cc3ccccc3Cl)CC2)cc1
pk437,0,N[C@H]1CC[C@@H](CN(Cc2nccc3c4ccccc4n(CC(=O)N4CCOCC4)c23)[C@H]2CCCc3cccnc23)CC1
pk438,0,NCCCCN(Cc1nccc2c1[nH]c1ccccc21)[C@@H]1CCCc2cccnc12
pk439,0,NCCN(Cc1nc2ccccc2[nH]1)C1CCCc2cccnc12
pk440,0,O=C(Cn1c2ccccc2c2ccnc(CN(CCCCNCc3cccnc3)[C@H]3CCCc4cccnc34)c12)N1CCOCC1
pk441,0,NCc1cccc(CN(Cc2nc3ccccc3[nH]2)C2CCCc3cccnc23)c1
pk442,0,NC(=O)CCCN(Cc1nccc2c3ccccc3[nH]c12)[C@H]1CCCc2cccnc12
pk443,0,CC1CCN(Cc2cc(nc(C)n2)N2CCN(C)CC2)C1c1ccccn1
pk444,0,COCc1cccc(CN(CCCCN)C2CCCc3cccnc23)n1
pk445,0,CCN(Cc1nccc2c3ccccc3n(CCCN3C(=O)c4ccccc4C3=O)c12)[C@H]1CCCc2cccnc12
pk446,0,C(CCN(Cc1nccc2c3ccccc3[nH]c12)C1CCCc2cccnc12)CNC1=NCCN1
pk447,0,CN(C[C@@H]1Cc2c(CN1)cccc2NC1CCNCC1)[C@H]1CCCc2cccnc12
pk448,0,O=C(NCCCNC1CCCCC1)C2=CC=C(C(NCCCNC3CCCCC3)=O)C=C2
pk449,0,NC(N)=NCCCn1c(cc2cc(NC(=O)[C@H](Cc3ccccc3)N=C(N)N)ccc12)C(=O)NCCc1c[nH]c2ccccc12
pk450,0,C[C@H](N(CCCCN)C[C@H]1Cc2ccccc2CN1)c1ccc(C)cn1
pk451,0,CC(=O)NCCCCN(Cc1nccc2c3ccccc3[nH]c12)C1CCCc2cccnc12
pk452,0,N[C@H]1CC[C@H](CC1)N(C[C@H]1Cc2ccccc2CN1)[C@H]1CCCc2cccnc12
pk453,0,C\C(CN(C[C@H]1Cc2ccccc2CN1)[C@H]1CCCc2cccnc12)=C(\F)CN
pk454,0,O=C(CN(Cc1nccc2c3ccccc3[nH]c12)[C@H]1CCCc2cccnc12)N1CCNCC1
pk455,0,NCCCCN(C[C@H]1Cc2ccccc2CN1)Cc1ncccc1Cl
pk456,0,CC(C)(C)C(=O)N1CCN(CCCN(Cc2nccc3c4ccccc4[nH]c23)C2CCCc3cccnc23)CC1
pk457,0,C(CCN1CCNCC1)CN(Cc1nccc2c3ccccc3[nH]c12)C1CCCc2cccnc12
pk458,0,NCCCCN(Cc1ccccn1)Cc1nccc2c3ccccc3[nH]c12
pk459,0,Clc1ccccc1CN1CCC(CNCc2cccnc2)CC1
pk460,0,NCCCCN(C[C@H]1Cc2ccccc2CN1)Cc1ncccc1F
pk461,0,N[C@H]1CC[C@H](CN(Cc2nccc3c4ccccc4n(CC(=O)N4CCOCC4)c23)[C@H]2CCCc3cccnc23)CC1
pk462,0,CCN(CC)CCCC(C)Nc1cc(\C=C\c2ccc(cc2)[N+]([O-])=O)nc2cc(OC)ccc12
pk463,0,CC(C)C[C@@H](N=C(N)N)C(=O)Nc1ccc2n(CCCN=C(N)N)c(cc2c1)C(=O)NCCc1c[nH]c2ccccc12
pk464,0,CN1CCN(CC1)c1cc(CN2CCC[C@H]2c2cccc(C)n2)nc(C)n1
pk465,0,Clc1ccccc1CN1CCC(CNCc2cccc(Cl)c2Cl)CC1
pk466,0,COc1ccccc1CN1CCC(CNCc2ccccc2)CC1
pk467,0,Cc1cccc(CNCC2CCN(Cc3cccc(Cl)c3)CC2)c1
pk468,0,C(N(C1CCCc2cccnc12)N1CCNCC1)c1ccncn1
pk469,0,C(CN(C[C@@H]1Cc2ncccc2CN1)[C@H]1CCCc2cccnc12)CN1CCNCC1
pk470,0,NC(N)=NCCc1cc2cc(NC(=O)CCc3ccc(O)cc3)ccc2n1CCc1ccc2ccccc2c1
pk471,0,CC(C)(C)OC(=O)Cn1c2ccccc2c2ccnc(CN[C@H]3CCCc4cccnc34)c12
pk472,0,O=C(Cn1c2ccccc2c2ccnc(CN(CCCCNCc3ccncc3)[C@H]3CCCc4cccnc34)c12)N1CCOCC1
pk473,0,Cc1cccc(CN(CCCCN)C[C@H]2Cc3ccccc3CN2)n1
pk474,0,NCCCCN(C[C@@H]1CN(Cc2ccccc2)CCN1)[C@H]1CCCc2cccnc12
pk475,0,NC(N)=NCCCn1c(cc2cc(NC(=O)C3CCN(CC3)C(N)=N)ccc12)C(=O)NCCc1c[nH]c2ccccc12
pk476,0,NC(N)=NCCCn1c(cc2cc(NC(=O)CN=C(N)N)ccc12)C(=O)NCCc1c[nH]c2ccccc12
pk477,0,Cn1c(CN(CCCCN)C2CCCc3cccnc23)nnc1-c1ccccc1
pk478,0,NCCCC(=O)N(Cc1nc2ccccc2[nH]1)C1CCCc2cccnc12
pk479,0,NCCCCN(C[C@H]1Cc2ccccc2CN1)Cc1cc2ccccc2cn1
pk480,0,CN(Cc1nccc2c3ccccc3n(CCCCN)c12)[C@H]1CCCc2cccnc12
pk481,0,C(C1CCCNC1)N(Cc1nccc2c1[nH]c1ccccc21)[C@H]1CCCc2cccnc12
pk482,0,NC(N)=NCCCn1c(cc2cc(NC(=O)[C@@H](Cc3ccccc3)N=C(N)N)ccc12)C(=O)NCCc1c[nH]c2ccccc12
pk483,0,C(N(Cc1nccc2c3ccccc3[nH]c12)[C@H]1CCCc2cccnc12)c1ccccc1N1CCNCC1
pk484,0,C(CN(Cc1ncccn1)[C@H]1CCCc2cccnc12)CN1CCNCC1
pk485,0,C(N1CCNCc2cccc(CNCC1)n2)c1ccc(CN2CCNCc3cccc(CNCC2)n3)cc1
pk486,0,NCCCCN(Cc1nccc2c3ccccc3n(CC(=O)N3CCC(N)CC3)c12)[C@H]1CCCc2cccnc12
pk487,0,NC(N)=NCCCn1c(cc2cc(NC(=O)Cc3ccc(O)cc3)ccc12)C(=O)Nc1cccc2ccccc12
pk488,0,C(CCN(Cc1nccc2c1[nH]c1ccccc21)C1CCCc2cccnc12)CNCc1ccccn1
pk489,0,Clc1cc2CNCCCN(Cc3ccc(CN4CCCNCc5cc(Cl)cc(CNCCC4)n5)cc3)CCCNCc(c1)n2
pk490,0,NCCCCN(C[C@H]1Cc2ccccc2CN1)Cc1ccc2ccccc2n1
pk491,0,CC(C)CN(Cc1nccc2c3ccccc3n(CCCN3C(=O)c4ccccc4C3=O)c12)[C@H]1CCCc2cccnc12
pk492,0,NC(=O)NCCCCN(Cc1nccc2c3ccccc3[nH]c12)[C@H]1CCCc2cccnc12
pk493,0,CCCCN1C(=O)C(CC(C)C)NC(=O)C11CCN(CCCCCCc2ccccc2)CC1
pk494,0,C(N[C@H]1CCCc2cccnc12)c1nccc2c3ccccc3n(Cc3ccccn3)c12
pk495,0,O=C(Cn1c2ccccc2c2ccnc(CN(CCCCNCc3ccccn3)[C@H]3CCCc4cccnc34)c12)N1CCOCC1
pk496,0,O=C(Cn1c2ccccc2c2ccnc(CN(CCCN3CCNC(=O)C3)[C@H]3CCCc4cccnc34)c12)N1CCOCC1
pk497,0,NCCCCN(C[C@H]1Cc2ccccc2CN1)Cc1nccc2ccccc12
pk498,0,NCCCn1c2ccccc2c2ccnc(CN[C@H]3CCCc4cccnc34)c12
pk499,0,CCOC(=O)c1c(NC(=S)Nc2cccc(OC)c2)sc2CCCC(C)c12
pk500,0,CC(C)OC(=O)c1c(NC(=S)Nc2ccccc2)sc2CCCC(C)c12
pk501,0,CC(C)(C)OC(=O)[C@@H](N)CCCN(Cc1nccc2c3ccccc3[nH]c12)[C@H]1CCCc2cccnc12
pk502,0,CS(=O)(=O)N1CCN(CCN(Cc2nccc3c4ccccc4[nH]c23)C2CCCc3cccnc23)CC1
pk503,0,C(NCc1ccccc1)C1CCN(Cc2ccccc2)CC1
pk504,0,NCC1CCN(Cc2ccccc2Cl)CC1
pk505,0,Cc1cccc(CNCC2CCN(Cc3ccc(Cl)cc3)CC2)c1
pk506,0,CCOC(=O)c1c(NC(=S)Nc2ccc(OC)cc2)sc2CCCC(C)c12
pk507,0,CCOC(=O)c1c(NC(=S)Nc2ccc(O)cc2)sc2CCCC(C)c12
pk508,0,CCOC(=O)c1c(NC(=S)Nc2ccc(F)cc2)sc2CCCC(C)c12
pk509,0,CC1CCCc2sc(NC(=S)Nc3ccccc3)c(C(=O)OC(C)(C)C)c12
pk510,0,CCOC(=O)c1c(NC(=S)Nc2ccccc2F)sc2CCCC(C)c12
pk511,0,CCOC(=O)c1c(NC(=S)Nc2ccc(OC(F)(F)F)cc2)sc2CCCC(C)c12
pk512,0,CCOC(=O)c1c(NC(=S)Nc2ccc(cc2)C(F)(F)F)sc2CCCC(C)c12
pk513,0,NCCCCN(C[C@H]1CN(CCN1)C(=O)Nc1ccccc1)[C@H]1CCCc2cccnc12
pk514,0,CCOC(=O)c1c(NC(=S)Nc2ccc3OC(F)(F)Oc3c2)sc2CCCC(C)c12
pk515,0,C(NCc1ccccn1)c1ccc(CN(Cc2nc3ccccc3[nH]2)[C@@H]2CCCc3cccnc23)cc1
pk516,0,CC(C)Oc1ccc(cc1)-c1ccc2ccn(CC(=O)NCCN(C)C3CCCCC3)c2c1
pk517,0,NCCC1CCN(Cc2ccccc2Cl)CC1
pk518,0,Cc1ccccc1CN1CCC(CN)CC1
pk519,0,Oc1ccc(CN2CCC(CNCc3ccccc3)CC2)cc1
pk520,0,CN(C)CCCNCc1ccc(Cl)c(Cl)c1
pk521,0,COc1ccccc1CN1CCC(CN)CC1
pk522,0,NCC1CCN(CC2CCCCC2)CC1
pk523,0,NCC1CCN(Cc2ccc(Cl)c(Cl)c2)CC1
pk524,0,COc1ccc2[nH]c(CNCc3ccc(CN(CCNCc4ccccn4)CCNCc4ccccn4)cc3)nc2c1
pk525,0,C(CN(CCNCc1ccccn1)Cc1ccc(CNCc2nc3ccccc3[nH]2)cc1)NCc1ccccn1
pk526,0,CCCCN1C(=O)C(CC2CCCCC2)NC(=O)C11CCN(Cc2ccc3OCCOc3c2)CC1
pk527,0,CCCN1C(=O)[C@@H](CC(C)C)NC(=O)C11CCN(CCCCCCc2ccccc2)CC1
pk528,0,CCCN1C(=O)[C@@H](CC2CCCCC2)NC(=O)C11CCN(CCCCCCc2ccccc2)CC1
pk529,0,CCCN1C(=O)[C@H](CC(C)C)NC(=O)C11CCN(CCCCCCc2ccccc2)CC1
pk530,0,CCCCN1C(=O)C(CC(C)C)NC(=O)C11CCN(Cc2ccc(Oc3ccccc3)cc2)CC1
pk531,0,CCCCN1C(=O)C(CC2CCCCC2)NC(=O)C11CCN(Cc2ccc(Oc3ccccc3)cc2)CC1
pk532,0,CCCN1C(=O)[C@H](CC2CCCCC2)NC(=O)C11CCN(CCCCCCc2ccccc2)CC1
pk533,0,CCCCN1C(=O)C(CC2CCCCC2)NC(=O)C11CCN(Cc2ccc(OCC=C)cc2)CC1
pk534,0,CCCCN1C(=O)C(CC(C)C)NC(=O)C11CCN(Cc2ccccc2)CC1
pk535,0,CCCCN1C(=O)C(CC(C)C)NC(=O)C11CCN(Cc2ccc3OCCOc3c2)CC1
pk536,0,CN1CCN(CC1)c1cc(CN2CCC[C@@H]2c2ccccn2)nc(C)n1
pk537,0,CN(Cc1ccnc(c1)N1CCN(C)CC1)C1CCCc2cccnc12
pk538,0,CN(Cc1cccc(n1)N1CCN(C)CC1)C1CCCc2cccnc12
pk539,0,CN(Cc1ccncn1)C1CCCc2cccnc12
pk540,0,CC(C)(C)OC(=O)N1CCN(CC1)N(Cc1ccncn1)C1CCCc2cccnc12
pk541,0,CN(Cc1cc(ncn1)N(C)C)C1CCCc2cccnc12
pk542,0,CN(Cc1ccnc(n1)N1CCN(C)CC1)C1CCCc2cccnc12
pk543,0,C1(CNC2CCCCC2)=CC=C(CNC3CCCCC3)C=C1
pk544,0,C1(CNCC2=CC=CC=N2)=CC=C(CNCC3=CC=CC=N3)C=C1
pk545,0,CC(C)(C)OC(=O)c1c(NC(=S)Nc2ccccc2)sc2OCCCc12
pk546,0,CC(C)(C)OC(=O)c1c(NC(=S)Nc2ccccc2)sc2CC(C)(C)OCc12
pk547,0,CC(C)(C)OC(=O)c1c(NC(=S)Nc2ccccc2)sc2CNCCc12
pk548,0,CN1CCc2c(C1)sc(NC(=S)Nc1ccccc1)c2C(=O)OC(C)(C)C
pk549,0,CC(C)(C)OC(=O)c1c(NC(=S)Nc2ccccc2)sc2CN(Cc3ccccc3)CCc12
pk550,0,COc1cccc(NC(=S)Nc2sc3CCCC(C)c3c2C(=O)OC(C)(C)C)c1
pk551,0,CC1CCCc2sc(NC(=S)Nc3ccc(OC(F)(F)F)cc3)c(C(=O)OC(C)(C)C)c12
pk552,0,CC1CCCc2sc(NC(=S)Nc3ccc(OC(C)(C)C)cc3)c(C(=O)OC(C)(C)C)c12
pk553,0,CC1CCCc2sc(NC(=S)Nc3ccc(Oc4ccccc4)cc3)c(C(=O)OC(C)(C)C)c12
pk554,0,CC1CCCc2sc(NC(=S)Nc3ccc(cc3)N3CCN(C)CC3)c(C(=O)OC(C)(C)C)c12
pk555,0,COc1ccc(NC(=S)Nc2sc3CCCC(C)c3c2C(=O)OC(C)(C)C)cc1OC
pk556,0,CC1CCCc2sc(NC(=S)Nc3ccc4OC(F)(F)Oc4c3)c(C(=O)OC(C)(C)C)c12
pk557,0,Fc1ccc(NC(=S)Nc2sc3COCCc3c2C(=O)Nc2ccccc2)cc1
pk558,0,COc1ccc(NC(=S)Nc2sc3COCCc3c2C(=O)OC(C)(C)C)cc1OC
pk559,0,CCOC(=O)c1c(NC(=S)Nc2ccccc2)sc2CCCC(C)c12
pk560,0,CCOC(=O)c1c(NC(=S)Nc2ccc(cc2)N(C)C)sc2CCCC(C)c12
pk561,0,CCOC(=O)c1c(NC(=S)Nc2ccc(cc2)C(C)(C)C)sc2CCCC(C)c12
pk562,0,CCOC(=O)c1c(NC(=S)Nc2ccc(OC)c(OC)c2)sc2CCCC(C)c12
pk563,0,CCOC(=O)c1c(NC(=S)Nc2ccc(N)cc2)sc2CCCC(C)c12
pk564,0,CCOC(=O)c1c(NC(=S)Nc2ccccc2O)sc2CCCC(C)c12
pk565,0,CCOC(=O)c1c(NC(=S)Nc2cnccn2)sc2CCCC(C)c12
pk566,0,CCOC(=O)c1c(NC(=S)NC(=O)c2ccccc2)sc2CCCC(C)c12
pk567,0,CCOC(=O)NC(=S)Nc1sc2CCCC(C)c2c1C(=O)OCC
pk568,0,CC1CCCc2sc(NC(=S)Nc3ccccc3)c(C(O)=O)c12
pk569,0,CC1CCCc2sc(NC(=S)Nc3ccccc3)c(C(N)=O)c12
pk570,0,CNC(=O)c1c(NC(=S)Nc2ccccc2)sc2CCCC(C)c12
pk571,0,CC1CCCc2sc(NC(=S)Nc3ccccc3)c(C(=O)Nc3ccccc3)c12
pk572,0,CC(C)(C)OC(=O)c1c(NC(=S)Nc2ccccc2)sc2CCCCc12
pk573,0,CC1COCc2sc(NC(=S)Nc3ccccc3)c(C(=O)OC(C)(C)C)c12
pk574,0,C(CCN(C[C@H]1Cc2ccccc2CN1)[C@H]1CCCc2cccnc12)CN(Cc1ccccc1)Cc1ccccc1
pk575,0,CN(C[C@H]1Cc2c(CN1)cccc2N1CCN(CC1)c1cccc(c1)C(F)(F)F)[C@H]1CCCc2cccnc12
pk576,0,CCOC(=O)c1c(NC(=S)NCc2ccccc2)sc2CCCC(C)c12
pk577,0,COc1ccc(CN(CCCCN)C[C@H]2Cc3ccccc3CN2)nc1
pk578,0,CC(C)C[C@H]1NC(=O)C2(CCN(Cc3ccccc3)CC2)N(Cc2ccccc2)C1=O
pk579,0,CCCN1C(=O)C(CC(C)C)NC(=O)C11CCN(Cc2ccc(Oc3ccccc3)cc2)CC1
pk580,0,CC(C)C[C@@H]1NC(=O)C2(CCN(Cc3ccccc3)CC2)N(Cc2ccccc2)C1=O
pk581,0,CCCCN1C(=O)C(CC2CCCCC2)NC(=O)C11CCN(Cc2ccc(OC)cc2)CC1
pk582,0,CC(C)(C)OC(=O)c1c(NC(=S)Nc2ccccc2)sc2COCCc12
pk583,0,CC(C)(C)OC(=O)c1c(NC(=S)Nc2ccc(F)cc2)sc2COCCc12
pk584,0,CC(C)(C)OC(=O)c1c(NC(=S)Nc2ccc(OC(F)(F)F)cc2)sc2COCCc12
pk585,0,C[C@H](NC(=S)Nc1sc2COCCc2c1C(=O)OC(C)(C)C)c1ccccc1
pk586,0,C[C@@H](NC(=S)Nc1sc2COCCc2c1C(=O)OC(C)(C)C)c1ccccc1
pk587,0,CC1CCCc2sc(NC(=S)Nc3ccccc3)c(C(=O)NCc3ccccc3)c12
pk588,0,COc1cccnc1CN(CCCCN)C[C@H]1Cc2ccccc2CN1
pk589,0,NCCCCN(C[C@H]1Cc2ccccc2CN1)Cc1cc(Cl)ccn1
pk590,0,NCCCCN(C[C@H]1Cc2ccccc2CN1)Cc1ccc(cn1)C(F)(F)F
pk591,0,CC(C)(CCN)CN(C[C@H]1Cc2ccccc2CN1)[C@H]1CCCc2cccnc12
pk592,0,C(N1CCCSCCSCCCNCC1)c1ccc(CN2CCCSCCSCCCNCC2)cc1
pk593,0,C(N1CCCOCCOCCCNCC1)c1ccc(CN2CCCOCCOCCCNCC2)cc1
pk594,0,Oc1cc2CNCCCN(Cc3ccc(CN4CCCNCc5cc(O)cc(CNCCC4)n5)cc3)CCCNCc(c1)n2
pk595,0,C(N1CCCNCCCCCNCCC1)c1ccc(CN2CCCNCCCCCNCCC2)cc1
pk596,0,C(N1CCCNCc2cncc(CNCCC1)n2)c1ccc(CN2CCCNCc3cncc(CNCCC2)n3)cc1
pk597,0,NC(=N)NCCCC[C@@H]1CS[C@@H]2CN(CCc3ccc4ccccc4c3)C(=O)[C@H](CCCNC(N)=N)N2C1=O
pk598,0,NC(=N)NCCC[C@@H]1N2[C@@H](CN(CCc3ccc4ccccc4c3)C1=O)SC[C@@H](CCNC(N)=N)C2=O
pk599,0,NC(=N)NCCCC[C@@H]1N2[C@H](CN(CCc3ccc4ccccc4c3)C1=O)SC[C@H](CCNC(N)=N)C2=O
pk600,0,NC(=N)NCCC[C@@H]1N2[C@H](CN(CCc3ccc4ccccc4c3)C1=O)SC[C@H](CCNC(N)=N)C2=O
pk601,0,NC(=N)NCCCC[C@@H]1N2[C@H](CN(CCc3ccc4ccccc4c3)C1=O)SC[C@H](CCCNC(N)=N)C2=O
pk602,0,NC(=N)NCCCC1CSC2CN(Cc3ccc4ccccc4c3Br)C(=O)[C@H](CCCNC(N)=N)N2C1=O
pk603,0,NC(=N)NCCCC[C@H]1CS[C@H]2CN(CCc3ccc4ccccc4c3)C(=O)[C@H](CCCNC(N)=N)N2C1=O
pk604,0,NC(=N)NCCCC1CSC2CN(Cc3ccc4ccccc4c3)C(=O)[C@H](CCCNC(N)=N)N2C1=O
pk605,0,NC(=N)NCCCC1CSC2CN(Cc3cccc4ccccc34)C(=O)[C@H](CCCNC(N)=N)N2C1=O
pk606,0,NC(=N)NCCCC[C@@H]1N2[C@@H](CN(CCc3ccc4ccccc4c3)C1=O)SC[C@@H](CCNC(N)=N)C2=O
pk607,0,NC(=N)NCCCC[C@@H]1N2[C@@H](CN(CCc3ccc4ccccc4c3)C1=O)SC[C@@H](CCCNC(N)=N)C2=O
pk608,0,NC(NCCCC1CSC2CN(C([C@@H](N2C1=O)CCCNC(N)=N)=O)Cc(ccc3)c4c3cccc4)=N
